LocationID,SiteName,Building,RoomNumber,StorageType
1,MainCampus,BioSciA,101,Fridge
2,MainCampus,BioSciA,102,Freezer
3,MainCampus,BioSciA,201,Cabinet
4,MainCampus,BioSciA,202,Shelf
5,MainCampus,BioSciB,110,Fridge
6,MainCampus,BioSciB,210,Freezer
7,MainCampus,BioSciB,310,Cabinet
8,MainCampus,BioSciB,320,Shelf
9,MainCampus,ChemistryNorth,301,Fridge
10,MainCampus,ChemistryNorth,302,Freezer
11,MainCampus,ChemistryNorth,303,Shelf
12,MainCampus,ChemistryNorth,304,Cabinet
13,MainCampus,ChemistrySouth,210,Fridge
14,MainCampus,ChemistrySouth,211,Freezer
15,MainCampus,ChemistrySouth,212,Shelf
16,MainCampus,ChemistrySouth,213,Cabinet
17,MainCampus,PhysicsHall,120,Fridge
18,MainCampus,PhysicsHall,220,Freezer
19,MainCampus,PhysicsHall,320,Cabinet
20,MainCampus,PhysicsHall,321,Shelf
21,MainCampus,EngineeringLab,15,Fridge
22,MainCampus,EngineeringLab,16,Freezer
23,MainCampus,EngineeringLab,110,Cabinet
24,MainCampus,EngineeringLab,210,Shelf
25,MainCampus,CompSciCenter,101,Fridge
26,MainCampus,CompSciCenter,102,Freezer
27,MainCampus,CompSciCenter,201,Shelf
28,MainCampus,CompSciCenter,202,Cabinet
29,MainCampus,MathCenter,10,Cabinet
30,MainCampus,MathCenter,11,Shelf
31,MainCampus,MathCenter,112,Fridge
32,MainCampus,MathCenter,113,Freezer
33,MainCampus,EnvSciCenter,101,Fridge
34,MainCampus,EnvSciCenter,102,Shelf
35,MainCampus,EnvSciCenter,201,Freezer
36,MainCampus,EnvSciCenter,202,Cabinet
37,MedicalCampus,ClinicalResearch,401,Fridge
38,MedicalCampus,ClinicalResearch,402,Freezer
39,MedicalCampus,ClinicalResearch,403,Cabinet
40,MedicalCampus,ClinicalResearch,404,Shelf
41,MedicalCampus,MedCenterEast,210,Fridge
42,MedicalCampus,MedCenterEast,211,Freezer
43,MedicalCampus,MedCenterEast,310,Cabinet
44,MedicalCampus,MedCenterEast,311,Shelf
45,MedicalCampus,MedCenterWest,115,Fridge
46,MedicalCampus,MedCenterWest,116,Freezer
47,MedicalCampus,MedCenterWest,215,Shelf
48,MedicalCampus,MedCenterWest,216,Cabinet
49,MedicalCampus,PharmacyBlockA,101,Fridge
50,MedicalCampus,PharmacyBlockA,102,Freezer
51,MedicalCampus,PharmacyBlockA,201,Cabinet
52,MedicalCampus,PharmacyBlockA,202,Shelf
53,MedicalCampus,PharmacyBlockB,301,Fridge
54,MedicalCampus,PharmacyBlockB,302,Freezer
55,MedicalCampus,PharmacyBlockB,303,Shelf
56,MedicalCampus,PharmacyBlockB,304,Cabinet
57,ResearchPark,BioInnovationHub,120,Fridge
58,ResearchPark,BioInnovationHub,220,Freezer
59,ResearchPark,BioInnovationHub,320,Shelf
60,ResearchPark,BioInnovationHub,321,Cabinet
61,ResearchPark,TechIncubator,10,Cabinet
62,ResearchPark,TechIncubator,11,Shelf
63,ResearchPark,TechIncubator,112,Fridge
64,ResearchPark,TechIncubator,113,Freezer
65,ResearchPark,GenomicsCenter,201,Fridge
66,ResearchPark,GenomicsCenter,202,Freezer
67,ResearchPark,GenomicsCenter,301,Shelf
68,ResearchPark,GenomicsCenter,302,Cabinet
69,ResearchPark,ProteomicsCore,101,Fridge
70,ResearchPark,ProteomicsCore,102,Freezer
71,ResearchPark,ProteomicsCore,201,Shelf
72,ResearchPark,ProteomicsCore,202,Cabinet
73,SatelliteCampus,NorthScience,101,Fridge
74,SatelliteCampus,NorthScience,102,Freezer
75,SatelliteCampus,NorthScience,201,Shelf
76,SatelliteCampus,NorthScience,202,Cabinet
77,SatelliteCampus,SouthScience,301,Fridge
78,SatelliteCampus,SouthScience,302,Freezer
79,SatelliteCampus,SouthScience,303,Shelf
80,SatelliteCampus,SouthScience,304,Cabinet
81,SatelliteCampus,EngineeringAnnex,10,Fridge
82,SatelliteCampus,EngineeringAnnex,11,Freezer
83,SatelliteCampus,EngineeringAnnex,110,Cabinet
84,SatelliteCampus,EngineeringAnnex,111,Shelf
85,SatelliteCampus,PhysicsAnnex,120,Fridge
86,SatelliteCampus,PhysicsAnnex,121,Freezer
87,SatelliteCampus,PhysicsAnnex,220,Shelf
88,SatelliteCampus,PhysicsAnnex,221,Cabinet
89,SatelliteCampus,StorageUnit1,01A,Fridge
90,SatelliteCampus,StorageUnit1,01B,Freezer
91,SatelliteCampus,StorageUnit2,02A,Shelf
92,SatelliteCampus,StorageUnit2,02B,Cabinet
93,SatelliteCampus,StorageUnit3,03A,Fridge
94,SatelliteCampus,StorageUnit3,03B,Freezer
95,SatelliteCampus,StorageUnit4,04A,Shelf
96,SatelliteCampus,StorageUnit4,04B,Cabinet
97,SatelliteCampus,ColdRoomBlock,CR1,Fridge
98,SatelliteCampus,ColdRoomBlock,CR2,Fridge
99,SatelliteCampus,ColdRoomBlock,FR1,Freezer
100,SatelliteCampus,StorageUnit5,05C,Shelf
101,MainCampus,BioSciA,101,Fridge
102,MainCampus,BioSciA,102,Freezer
103,MainCampus,BioSciA,201,Cabinet
104,MainCampus,BioSciA,202,Shelf
105,MainCampus,ChemistryNorth,310,Fridge
106,MainCampus,ChemistryNorth,311,Freezer
107,MainCampus,ChemistryNorth,312,Shelf
108,MainCampus,PhysicsHall,120,Cabinet
109,MainCampus,PhysicsHall,220,Shelf
110,MainCampus,EngineeringLab,15,Fridge
111,MainCampus,EngineeringLab,16,Freezer
112,MainCampus,EngineeringLab,110,Cabinet
113,MedicalCampus,ClinicalResearch,405,Cabinet
